<?xml version="1.0" encoding="UTF-8"?>
<GenRun Id="impl_1" LaunchPart="xc7z020clg484-1" LaunchTime="1667399609">
  <File Type="WBT-USG" Name="usage_statistics_webtalk.html"/>
  <File Type="BG-DRC" Name="orand.drc"/>
  <File Type="BG-BGN" Name="orand.bgn"/>
  <File Type="BITSTR-SYSDEF" Name="orand.sysdef"/>
  <File Type="BITSTR-LTX" Name="debug_nets.ltx"/>
  <File Type="BITSTR-LTX" Name="orand.ltx"/>
  <File Type="BITSTR-MMI" Name="orand.mmi"/>
  <File Type="BITSTR-BMM" Name="orand_bd.bmm"/>
  <File Type="BITSTR-NKY" Name="orand.nky"/>
  <File Type="BITSTR-RBT" Name="orand.rbt"/>
  <File Type="BITSTR-MSK" Name="orand.msk"/>
  <File Type="BG-BIN" Name="orand.bin"/>
  <File Type="BG-BIT" Name="orand.bit"/>
  <File Type="POSTROUTE-PHYSOPT-BUS-SKEW-RPX" Name="orand_bus_skew_postroute_physopted.rpx"/>
  <File Type="POSTROUTE-PHYSOPT-BUS-SKEW-PB" Name="orand_bus_skew_postroute_physopted.pb"/>
  <File Type="RDI-RDI" Name="orand.vdi"/>
  <File Type="POSTROUTE-PHYSOPT-TIMING-RPX" Name="orand_timing_summary_postroute_physopted.rpx"/>
  <File Type="POSTROUTE-PHYSOPT-TIMING-PB" Name="orand_timing_summary_postroute_physopted.pb"/>
  <File Type="POSTROUTE-PHYSOPT-TIMING" Name="orand_timing_summary_postroute_physopted.rpt"/>
  <File Type="POSTROUTE-PHYSOPT-BLACKBOX-DCP" Name="orand_postroute_physopt_bb.dcp"/>
  <File Type="POSTROUTE-PHYSOPT-DCP" Name="orand_postroute_physopt.dcp"/>
  <File Type="ROUTE-BUS-SKEW" Name="orand_bus_skew_routed.rpt"/>
  <File Type="ROUTE-CLK" Name="orand_clock_utilization_routed.rpt"/>
  <File Type="ROUTE-SIMILARITY" Name="orand_incremental_reuse_routed.rpt"/>
  <File Type="ROUTE-TIMING-RPX" Name="orand_timing_summary_routed.rpx"/>
  <File Type="ROUTE-TIMING-PB" Name="orand_timing_summary_routed.pb"/>
  <File Type="ROUTE-TIMINGSUMMARY" Name="orand_timing_summary_routed.rpt"/>
  <File Type="ROUTE-STATUS-PB" Name="orand_route_status.pb"/>
  <File Type="ROUTE-STATUS" Name="orand_route_status.rpt"/>
  <File Type="ROUTE-PWR-RPX" Name="orand_power_routed.rpx"/>
  <File Type="ROUTE-PWR-SUM" Name="orand_power_summary_routed.pb"/>
  <File Type="ROUTE-PWR" Name="orand_power_routed.rpt"/>
  <File Type="ROUTE-METHODOLOGY-DRC-PB" Name="orand_methodology_drc_routed.pb"/>
  <File Type="ROUTE-METHODOLOGY-DRC-RPX" Name="orand_methodology_drc_routed.rpx"/>
  <File Type="ROUTE-METHODOLOGY-DRC" Name="orand_methodology_drc_routed.rpt"/>
  <File Type="ROUTE-DRC-RPX" Name="orand_drc_routed.rpx"/>
  <File Type="ROUTE-DRC-PB" Name="orand_drc_routed.pb"/>
  <File Type="ROUTE-DRC" Name="orand_drc_routed.rpt"/>
  <File Type="ROUTE-BLACKBOX-DCP" Name="orand_routed_bb.dcp"/>
  <File Type="ROUTE-DCP" Name="orand_routed.dcp"/>
  <File Type="ROUTE-ERROR-DCP" Name="orand_routed_error.dcp"/>
  <File Type="PHYSOPT-TIMING" Name="orand_timing_summary_physopted.rpt"/>
  <File Type="PHYSOPT-DRC" Name="orand_drc_physopted.rpt"/>
  <File Type="PHYSOPT-DCP" Name="orand_physopt.dcp"/>
  <File Type="POSTPLACE-PWROPT-TIMING" Name="orand_timing_summary_postplace_pwropted.rpt"/>
  <File Type="POSTPLACE-PWROPT-DCP" Name="orand_postplace_pwropt.dcp"/>
  <File Type="PLACE-TIMING" Name="orand_timing_summary_placed.rpt"/>
  <File Type="PLACE-PRE-SIMILARITY" Name="orand_incremental_reuse_pre_placed.rpt"/>
  <File Type="PLACE-SIMILARITY" Name="orand_incremental_reuse_placed.rpt"/>
  <File Type="PLACE-CTRL" Name="orand_control_sets_placed.rpt"/>
  <File Type="PLACE-UTIL-PB" Name="orand_utilization_placed.pb"/>
  <File Type="PLACE-UTIL" Name="orand_utilization_placed.rpt"/>
  <File Type="PLACE-CLK" Name="orand_clock_utilization_placed.rpt"/>
  <File Type="PLACE-IO" Name="orand_io_placed.rpt"/>
  <File Type="PLACE-DCP" Name="orand_placed.dcp"/>
  <File Type="PWROPT-TIMING" Name="orand_timing_summary_pwropted.rpt"/>
  <File Type="PWROPT-DRC" Name="orand_drc_pwropted.rpt"/>
  <File Type="PWROPT-DCP" Name="orand_pwropt.dcp"/>
  <File Type="OPT-TIMING" Name="orand_timing_summary_opted.rpt"/>
  <File Type="OPT-HWDEF" Name="orand.hwdef"/>
  <File Type="OPT-METHODOLOGY-DRC" Name="orand_methodology_drc_opted.rpt"/>
  <File Type="OPT-DRC" Name="orand_drc_opted.rpt"/>
  <File Type="OPT-DCP" Name="orand_opt.dcp"/>
  <File Type="INIT-TIMING" Name="orand_timing_summary_init.rpt"/>
  <File Type="ROUTE-BUS-SKEW-RPX" Name="orand_bus_skew_routed.rpx"/>
  <File Type="REPORTS-TCL" Name="orand_reports.tcl"/>
  <File Type="ROUTE-BUS-SKEW-PB" Name="orand_bus_skew_routed.pb"/>
  <File Type="PA-TCL" Name="orand.tcl"/>
  <File Type="POSTROUTE-PHYSOPT-BUS-SKEW" Name="orand_bus_skew_postroute_physopted.rpt"/>
  <File Type="PA-DCP" Name="orand.dcp"/>
  <FileSet Name="sources" Type="DesignSrcs" RelSrcDir="$PSRCDIR/sources_1">
    <Filter Type="Srcs"/>
    <File Path="$PSRCDIR/sources_1/new/orand.v">
      <FileInfo>
        <Attr Name="UsedIn" Val="synthesis"/>
        <Attr Name="UsedIn" Val="implementation"/>
        <Attr Name="UsedIn" Val="simulation"/>
      </FileInfo>
    </File>
    <Config>
      <Option Name="DesignMode" Val="RTL"/>
      <Option Name="TopModule" Val="orand"/>
      <Option Name="TopAutoSet" Val="TRUE"/>
    </Config>
  </FileSet>
  <FileSet Name="constrs_in" Type="Constrs" RelSrcDir="$PSRCDIR/constrs_1">
    <Filter Type="Constrs"/>
    <File Path="$PSRCDIR/constrs_1/new/constraints.xdc">
      <FileInfo>
        <Attr Name="UsedIn" Val="synthesis"/>
        <Attr Name="UsedIn" Val="implementation"/>
      </FileInfo>
    </File>
    <Config>
      <Option Name="TargetConstrsFile" Val="$PSRCDIR/constrs_1/new/constraints.xdc"/>
      <Option Name="ConstrsType" Val="XDC"/>
    </Config>
  </FileSet>
  <FileSet Name="utils" Type="Utils" RelSrcDir="$PSRCDIR/utils_1">
    <Filter Type="Utils"/>
    <Config>
      <Option Name="TopAutoSet" Val="TRUE"/>
    </Config>
  </FileSet>
  <Strategy Version="1" Minor="2">
    <StratHandle Name="Vivado Implementation Defaults" Flow="Vivado Implementation 2019">
      <Desc>Default settings for Implementation.</Desc>
    </StratHandle>
    <Step Id="init_design"/>
    <Step Id="opt_design"/>
    <Step Id="power_opt_design"/>
    <Step Id="place_design"/>
    <Step Id="post_place_power_opt_design"/>
    <Step Id="phys_opt_design"/>
    <Step Id="route_design"/>
    <Step Id="post_route_phys_opt_design"/>
    <Step Id="write_bitstream"/>
  </Strategy>
</GenRun>
