<?xml version="1.0" encoding="UTF-8"?>
<GenRun Id="impl_1" LaunchPart="xc7z020clg484-1" LaunchTime="1664926440">
  <File Type="WBT-USG" Name="usage_statistics_webtalk.html"/>
  <File Type="BG-DRC" Name="chip.drc"/>
  <File Type="BG-BGN" Name="chip.bgn"/>
  <File Type="BITSTR-SYSDEF" Name="chip.sysdef"/>
  <File Type="BITSTR-LTX" Name="debug_nets.ltx"/>
  <File Type="BITSTR-LTX" Name="chip.ltx"/>
  <File Type="BITSTR-MMI" Name="chip.mmi"/>
  <File Type="BITSTR-BMM" Name="chip_bd.bmm"/>
  <File Type="BITSTR-NKY" Name="chip.nky"/>
  <File Type="BITSTR-RBT" Name="chip.rbt"/>
  <File Type="BITSTR-MSK" Name="chip.msk"/>
  <File Type="BG-BIN" Name="chip.bin"/>
  <File Type="BG-BIT" Name="chip.bit"/>
  <File Type="POSTROUTE-PHYSOPT-BUS-SKEW-RPX" Name="chip_bus_skew_postroute_physopted.rpx"/>
  <File Type="POSTROUTE-PHYSOPT-BUS-SKEW-PB" Name="chip_bus_skew_postroute_physopted.pb"/>
  <File Type="POSTROUTE-PHYSOPT-BUS-SKEW" Name="chip_bus_skew_postroute_physopted.rpt"/>
  <File Type="RDI-RDI" Name="chip.vdi"/>
  <File Type="POSTROUTE-PHYSOPT-TIMING-RPX" Name="chip_timing_summary_postroute_physopted.rpx"/>
  <File Type="POSTROUTE-PHYSOPT-TIMING-PB" Name="chip_timing_summary_postroute_physopted.pb"/>
  <File Type="POSTROUTE-PHYSOPT-TIMING" Name="chip_timing_summary_postroute_physopted.rpt"/>
  <File Type="POSTROUTE-PHYSOPT-BLACKBOX-DCP" Name="chip_postroute_physopt_bb.dcp"/>
  <File Type="POSTROUTE-PHYSOPT-DCP" Name="chip_postroute_physopt.dcp"/>
  <File Type="ROUTE-BUS-SKEW" Name="chip_bus_skew_routed.rpt"/>
  <File Type="ROUTE-CLK" Name="chip_clock_utilization_routed.rpt"/>
  <File Type="ROUTE-SIMILARITY" Name="chip_incremental_reuse_routed.rpt"/>
  <File Type="ROUTE-TIMING-RPX" Name="chip_timing_summary_routed.rpx"/>
  <File Type="ROUTE-TIMING-PB" Name="chip_timing_summary_routed.pb"/>
  <File Type="ROUTE-TIMINGSUMMARY" Name="chip_timing_summary_routed.rpt"/>
  <File Type="ROUTE-STATUS-PB" Name="chip_route_status.pb"/>
  <File Type="ROUTE-STATUS" Name="chip_route_status.rpt"/>
  <File Type="ROUTE-PWR-RPX" Name="chip_power_routed.rpx"/>
  <File Type="PLACE-UTIL-PB" Name="chip_utilization_placed.pb"/>
  <File Type="PLACE-UTIL" Name="chip_utilization_placed.rpt"/>
  <File Type="PLACE-CLK" Name="chip_clock_utilization_placed.rpt"/>
  <File Type="PLACE-IO" Name="chip_io_placed.rpt"/>
  <File Type="PLACE-DCP" Name="chip_placed.dcp"/>
  <File Type="PWROPT-DCP" Name="chip_pwropt.dcp"/>
  <File Type="OPT-TIMING" Name="chip_timing_summary_opted.rpt"/>
  <File Type="PLACE-SIMILARITY" Name="chip_incremental_reuse_placed.rpt"/>
  <File Type="OPT-HWDEF" Name="chip.hwdef"/>
  <File Type="ROUTE-BUS-SKEW-RPX" Name="chip_bus_skew_routed.rpx"/>
  <File Type="REPORTS-TCL" Name="chip_reports.tcl"/>
  <File Type="PWROPT-DRC" Name="chip_drc_pwropted.rpt"/>
  <File Type="ROUTE-BUS-SKEW-PB" Name="chip_bus_skew_routed.pb"/>
  <File Type="PA-TCL" Name="chip.tcl"/>
  <File Type="INIT-TIMING" Name="chip_timing_summary_init.rpt"/>
  <File Type="PLACE-CTRL" Name="chip_control_sets_placed.rpt"/>
  <File Type="PWROPT-TIMING" Name="chip_timing_summary_pwropted.rpt"/>
  <File Type="PLACE-PRE-SIMILARITY" Name="chip_incremental_reuse_pre_placed.rpt"/>
  <File Type="OPT-DCP" Name="chip_opt.dcp"/>
  <File Type="OPT-DRC" Name="chip_drc_opted.rpt"/>
  <File Type="OPT-METHODOLOGY-DRC" Name="chip_methodology_drc_opted.rpt"/>
  <File Type="PLACE-TIMING" Name="chip_timing_summary_placed.rpt"/>
  <File Type="ROUTE-DRC" Name="chip_drc_routed.rpt"/>
  <File Type="POSTPLACE-PWROPT-DCP" Name="chip_postplace_pwropt.dcp"/>
  <File Type="POSTPLACE-PWROPT-TIMING" Name="chip_timing_summary_postplace_pwropted.rpt"/>
  <File Type="ROUTE-DRC-PB" Name="chip_drc_routed.pb"/>
  <File Type="PHYSOPT-DCP" Name="chip_physopt.dcp"/>
  <File Type="PHYSOPT-DRC" Name="chip_drc_physopted.rpt"/>
  <File Type="PHYSOPT-TIMING" Name="chip_timing_summary_physopted.rpt"/>
  <File Type="ROUTE-PWR" Name="chip_power_routed.rpt"/>
  <File Type="ROUTE-ERROR-DCP" Name="chip_routed_error.dcp"/>
  <File Type="ROUTE-METHODOLOGY-DRC-RPX" Name="chip_methodology_drc_routed.rpx"/>
  <File Type="ROUTE-DCP" Name="chip_routed.dcp"/>
  <File Type="ROUTE-METHODOLOGY-DRC-PB" Name="chip_methodology_drc_routed.pb"/>
  <File Type="ROUTE-BLACKBOX-DCP" Name="chip_routed_bb.dcp"/>
  <File Type="ROUTE-DRC-RPX" Name="chip_drc_routed.rpx"/>
  <File Type="ROUTE-METHODOLOGY-DRC" Name="chip_methodology_drc_routed.rpt"/>
  <File Type="ROUTE-PWR-SUM" Name="chip_power_summary_routed.pb"/>
  <FileSet Name="sources" Type="DesignSrcs" RelSrcDir="$PSRCDIR/sources_1">
    <Filter Type="Srcs"/>
    <File Path="$PPRDIR/../3-8_decoder.v">
      <FileInfo>
        <Attr Name="UsedIn" Val="synthesis"/>
        <Attr Name="UsedIn" Val="implementation"/>
        <Attr Name="UsedIn" Val="simulation"/>
      </FileInfo>
    </File>
    <File Path="$PPRDIR/../IC74138.v">
      <FileInfo>
        <Attr Name="UsedIn" Val="synthesis"/>
        <Attr Name="UsedIn" Val="implementation"/>
        <Attr Name="UsedIn" Val="simulation"/>
      </FileInfo>
    </File>
    <Config>
      <Option Name="DesignMode" Val="RTL"/>
      <Option Name="TopModule" Val="chip"/>
      <Option Name="TopAutoSet" Val="TRUE"/>
    </Config>
  </FileSet>
  <FileSet Name="constrs_in" Type="Constrs" RelSrcDir="$PSRCDIR/constrs_1">
    <Filter Type="Constrs"/>
    <File Path="$PSRCDIR/constrs_1/new/constraints.xdc">
      <FileInfo>
        <Attr Name="UsedIn" Val="synthesis"/>
        <Attr Name="UsedIn" Val="implementation"/>
      </FileInfo>
    </File>
    <Config>
      <Option Name="TargetConstrsFile" Val="$PSRCDIR/constrs_1/new/constraints.xdc"/>
      <Option Name="ConstrsType" Val="XDC"/>
    </Config>
  </FileSet>
  <FileSet Name="utils" Type="Utils" RelSrcDir="$PSRCDIR/utils_1">
    <Filter Type="Utils"/>
    <Config>
      <Option Name="TopAutoSet" Val="TRUE"/>
    </Config>
  </FileSet>
  <Strategy Version="1" Minor="2">
    <StratHandle Name="Vivado Implementation Defaults" Flow="Vivado Implementation 2019">
      <Desc>Default settings for Implementation.</Desc>
    </StratHandle>
    <Step Id="init_design"/>
    <Step Id="opt_design"/>
    <Step Id="power_opt_design"/>
    <Step Id="place_design"/>
    <Step Id="post_place_power_opt_design"/>
    <Step Id="phys_opt_design"/>
    <Step Id="route_design"/>
    <Step Id="post_route_phys_opt_design"/>
    <Step Id="write_bitstream"/>
  </Strategy>
</GenRun>
