<?xml version="1.0" encoding="UTF-8"?>
<GenRun Id="impl_1" LaunchPart="xc7z020clg484-1" LaunchTime="1664325759">
  <File Type="PA-TCL" Name="mux_gates.tcl"/>
  <File Type="ROUTE-BUS-SKEW-PB" Name="mux_gates_bus_skew_routed.pb"/>
  <File Type="REPORTS-TCL" Name="mux_gates_reports.tcl"/>
  <File Type="ROUTE-BUS-SKEW-RPX" Name="mux_gates_bus_skew_routed.rpx"/>
  <File Type="OPT-DCP" Name="mux_gates_opt.dcp"/>
  <File Type="OPT-DRC" Name="mux_gates_drc_opted.rpt"/>
  <File Type="OPT-HWDEF" Name="mux_gates.hwdef"/>
  <File Type="PWROPT-DCP" Name="mux_gates_pwropt.dcp"/>
  <File Type="PLACE-DCP" Name="mux_gates_placed.dcp"/>
  <File Type="PLACE-IO" Name="mux_gates_io_placed.rpt"/>
  <File Type="PLACE-UTIL" Name="mux_gates_utilization_placed.rpt"/>
  <File Type="PLACE-UTIL-PB" Name="mux_gates_utilization_placed.pb"/>
  <File Type="PLACE-CTRL" Name="mux_gates_control_sets_placed.rpt"/>
  <File Type="PLACE-PRE-SIMILARITY" Name="mux_gates_incremental_reuse_pre_placed.rpt"/>
  <File Type="POSTPLACE-PWROPT-DCP" Name="mux_gates_postplace_pwropt.dcp"/>
  <File Type="PHYSOPT-DCP" Name="mux_gates_physopt.dcp"/>
  <File Type="ROUTE-ERROR-DCP" Name="mux_gates_routed_error.dcp"/>
  <File Type="ROUTE-DCP" Name="mux_gates_routed.dcp"/>
  <File Type="ROUTE-BLACKBOX-DCP" Name="mux_gates_routed_bb.dcp"/>
  <File Type="ROUTE-DRC" Name="mux_gates_drc_routed.rpt"/>
  <File Type="ROUTE-DRC-PB" Name="mux_gates_drc_routed.pb"/>
  <File Type="BG-BIT" Name="mux_gates.bit"/>
  <File Type="ROUTE-STATUS-PB" Name="mux_gates_route_status.pb"/>
  <File Type="ROUTE-METHODOLOGY-DRC" Name="mux_gates_methodology_drc_routed.rpt"/>
  <File Type="BG-BIN" Name="mux_gates.bin"/>
  <File Type="ROUTE-TIMINGSUMMARY" Name="mux_gates_timing_summary_routed.rpt"/>
  <File Type="BITSTR-MSK" Name="mux_gates.msk"/>
  <File Type="ROUTE-TIMING-PB" Name="mux_gates_timing_summary_routed.pb"/>
  <File Type="BITSTR-RBT" Name="mux_gates.rbt"/>
  <File Type="ROUTE-TIMING-RPX" Name="mux_gates_timing_summary_routed.rpx"/>
  <File Type="BITSTR-NKY" Name="mux_gates.nky"/>
  <File Type="BITSTR-BMM" Name="mux_gates_bd.bmm"/>
  <File Type="ROUTE-CLK" Name="mux_gates_clock_utilization_routed.rpt"/>
  <File Type="BG-DRC" Name="mux_gates.drc"/>
  <File Type="ROUTE-METHODOLOGY-DRC-RPX" Name="mux_gates_methodology_drc_routed.rpx"/>
  <File Type="BITSTR-MMI" Name="mux_gates.mmi"/>
  <File Type="ROUTE-BUS-SKEW" Name="mux_gates_bus_skew_routed.rpt"/>
  <File Type="WBT-USG" Name="usage_statistics_webtalk.html"/>
  <File Type="BG-BGN" Name="mux_gates.bgn"/>
  <File Type="BITSTR-SYSDEF" Name="mux_gates.sysdef"/>
  <File Type="BITSTR-LTX" Name="mux_gates.ltx"/>
  <File Type="RDI-RDI" Name="mux_gates.vdi"/>
  <File Type="POSTROUTE-PHYSOPT-BLACKBOX-DCP" Name="mux_gates_postroute_physopt_bb.dcp"/>
  <File Type="POSTROUTE-PHYSOPT-DCP" Name="mux_gates_postroute_physopt.dcp"/>
  <File Type="ROUTE-STATUS" Name="mux_gates_route_status.rpt"/>
  <File Type="ROUTE-PWR-RPX" Name="mux_gates_power_routed.rpx"/>
  <File Type="ROUTE-PWR-SUM" Name="mux_gates_power_summary_routed.pb"/>
  <File Type="ROUTE-PWR" Name="mux_gates_power_routed.rpt"/>
  <File Type="ROUTE-METHODOLOGY-DRC-PB" Name="mux_gates_methodology_drc_routed.pb"/>
  <File Type="ROUTE-DRC-RPX" Name="mux_gates_drc_routed.rpx"/>
  <FileSet Name="sources" Type="DesignSrcs" RelSrcDir="$PSRCDIR/sources_1">
    <Filter Type="Srcs"/>
    <File Path="$PPRDIR/../2-1_mux_gates.v">
      <FileInfo>
        <Attr Name="UsedIn" Val="synthesis"/>
        <Attr Name="UsedIn" Val="implementation"/>
        <Attr Name="UsedIn" Val="simulation"/>
      </FileInfo>
    </File>
    <Config>
      <Option Name="DesignMode" Val="RTL"/>
      <Option Name="TopModule" Val="mux_gates"/>
      <Option Name="TopAutoSet" Val="TRUE"/>
    </Config>
  </FileSet>
  <FileSet Name="constrs_in" Type="Constrs" RelSrcDir="$PSRCDIR/constrs_1">
    <Filter Type="Constrs"/>
    <File Path="$PSRCDIR/constrs_1/new/constraints.xdc">
      <FileInfo>
        <Attr Name="UsedIn" Val="synthesis"/>
        <Attr Name="UsedIn" Val="implementation"/>
      </FileInfo>
    </File>
    <Config>
      <Option Name="TargetConstrsFile" Val="$PSRCDIR/constrs_1/new/constraints.xdc"/>
      <Option Name="ConstrsType" Val="XDC"/>
    </Config>
  </FileSet>
  <FileSet Name="utils" Type="Utils" RelSrcDir="$PSRCDIR/utils_1">
    <Filter Type="Utils"/>
    <Config>
      <Option Name="TopAutoSet" Val="TRUE"/>
    </Config>
  </FileSet>
  <Strategy Version="1" Minor="2">
    <StratHandle Name="Vivado Implementation Defaults" Flow="Vivado Implementation 2019"/>
    <Step Id="init_design"/>
    <Step Id="opt_design"/>
    <Step Id="power_opt_design"/>
    <Step Id="place_design"/>
    <Step Id="post_place_power_opt_design"/>
    <Step Id="phys_opt_design"/>
    <Step Id="route_design"/>
    <Step Id="post_route_phys_opt_design"/>
    <Step Id="write_bitstream"/>
  </Strategy>
</GenRun>
