<?xml version="1.0" encoding="UTF-8"?>
<GenRun Id="impl_1" LaunchPart="xc7z020clg484-1" LaunchTime="1664301069">
  <File Type="WBT-USG" Name="usage_statistics_webtalk.html"/>
  <File Type="BG-DRC" Name="mux_dataflow.drc"/>
  <File Type="BG-BGN" Name="mux_dataflow.bgn"/>
  <File Type="BITSTR-SYSDEF" Name="mux_dataflow.sysdef"/>
  <File Type="BITSTR-LTX" Name="debug_nets.ltx"/>
  <File Type="BITSTR-LTX" Name="mux_dataflow.ltx"/>
  <File Type="BITSTR-MMI" Name="mux_dataflow.mmi"/>
  <File Type="BITSTR-BMM" Name="mux_dataflow_bd.bmm"/>
  <File Type="BITSTR-NKY" Name="mux_dataflow.nky"/>
  <File Type="BITSTR-RBT" Name="mux_dataflow.rbt"/>
  <File Type="BITSTR-MSK" Name="mux_dataflow.msk"/>
  <File Type="BG-BIN" Name="mux_dataflow.bin"/>
  <File Type="BG-BIT" Name="mux_dataflow.bit"/>
  <File Type="POSTROUTE-PHYSOPT-BUS-SKEW-RPX" Name="mux_dataflow_bus_skew_postroute_physopted.rpx"/>
  <File Type="POSTROUTE-PHYSOPT-BUS-SKEW-PB" Name="mux_dataflow_bus_skew_postroute_physopted.pb"/>
  <File Type="POSTROUTE-PHYSOPT-BUS-SKEW" Name="mux_dataflow_bus_skew_postroute_physopted.rpt"/>
  <File Type="RDI-RDI" Name="mux_dataflow.vdi"/>
  <File Type="POSTROUTE-PHYSOPT-TIMING-RPX" Name="mux_dataflow_timing_summary_postroute_physopted.rpx"/>
  <File Type="POSTROUTE-PHYSOPT-TIMING-PB" Name="mux_dataflow_timing_summary_postroute_physopted.pb"/>
  <File Type="POSTROUTE-PHYSOPT-TIMING" Name="mux_dataflow_timing_summary_postroute_physopted.rpt"/>
  <File Type="POSTROUTE-PHYSOPT-BLACKBOX-DCP" Name="mux_dataflow_postroute_physopt_bb.dcp"/>
  <File Type="POSTROUTE-PHYSOPT-DCP" Name="mux_dataflow_postroute_physopt.dcp"/>
  <File Type="ROUTE-BUS-SKEW" Name="mux_dataflow_bus_skew_routed.rpt"/>
  <File Type="ROUTE-CLK" Name="mux_dataflow_clock_utilization_routed.rpt"/>
  <File Type="ROUTE-SIMILARITY" Name="mux_dataflow_incremental_reuse_routed.rpt"/>
  <File Type="ROUTE-TIMING-RPX" Name="mux_dataflow_timing_summary_routed.rpx"/>
  <File Type="ROUTE-TIMING-PB" Name="mux_dataflow_timing_summary_routed.pb"/>
  <File Type="ROUTE-TIMINGSUMMARY" Name="mux_dataflow_timing_summary_routed.rpt"/>
  <File Type="ROUTE-STATUS-PB" Name="mux_dataflow_route_status.pb"/>
  <File Type="ROUTE-STATUS" Name="mux_dataflow_route_status.rpt"/>
  <File Type="ROUTE-PWR-RPX" Name="mux_dataflow_power_routed.rpx"/>
  <File Type="ROUTE-PWR-SUM" Name="mux_dataflow_power_summary_routed.pb"/>
  <File Type="ROUTE-PWR" Name="mux_dataflow_power_routed.rpt"/>
  <File Type="ROUTE-METHODOLOGY-DRC-PB" Name="mux_dataflow_methodology_drc_routed.pb"/>
  <File Type="ROUTE-METHODOLOGY-DRC-RPX" Name="mux_dataflow_methodology_drc_routed.rpx"/>
  <File Type="ROUTE-METHODOLOGY-DRC" Name="mux_dataflow_methodology_drc_routed.rpt"/>
  <File Type="ROUTE-DRC-RPX" Name="mux_dataflow_drc_routed.rpx"/>
  <File Type="ROUTE-DRC-PB" Name="mux_dataflow_drc_routed.pb"/>
  <File Type="ROUTE-DRC" Name="mux_dataflow_drc_routed.rpt"/>
  <File Type="ROUTE-BLACKBOX-DCP" Name="mux_dataflow_routed_bb.dcp"/>
  <File Type="ROUTE-DCP" Name="mux_dataflow_routed.dcp"/>
  <File Type="ROUTE-ERROR-DCP" Name="mux_dataflow_routed_error.dcp"/>
  <File Type="PHYSOPT-TIMING" Name="mux_dataflow_timing_summary_physopted.rpt"/>
  <File Type="PHYSOPT-DRC" Name="mux_dataflow_drc_physopted.rpt"/>
  <File Type="PHYSOPT-DCP" Name="mux_dataflow_physopt.dcp"/>
  <File Type="POSTPLACE-PWROPT-TIMING" Name="mux_dataflow_timing_summary_postplace_pwropted.rpt"/>
  <File Type="POSTPLACE-PWROPT-DCP" Name="mux_dataflow_postplace_pwropt.dcp"/>
  <File Type="PLACE-TIMING" Name="mux_dataflow_timing_summary_placed.rpt"/>
  <File Type="PLACE-PRE-SIMILARITY" Name="mux_dataflow_incremental_reuse_pre_placed.rpt"/>
  <File Type="PLACE-SIMILARITY" Name="mux_dataflow_incremental_reuse_placed.rpt"/>
  <File Type="PLACE-CTRL" Name="mux_dataflow_control_sets_placed.rpt"/>
  <File Type="PLACE-UTIL-PB" Name="mux_dataflow_utilization_placed.pb"/>
  <File Type="PLACE-UTIL" Name="mux_dataflow_utilization_placed.rpt"/>
  <File Type="PLACE-CLK" Name="mux_dataflow_clock_utilization_placed.rpt"/>
  <File Type="PLACE-IO" Name="mux_dataflow_io_placed.rpt"/>
  <File Type="PLACE-DCP" Name="mux_dataflow_placed.dcp"/>
  <File Type="PWROPT-TIMING" Name="mux_dataflow_timing_summary_pwropted.rpt"/>
  <File Type="PWROPT-DRC" Name="mux_dataflow_drc_pwropted.rpt"/>
  <File Type="PWROPT-DCP" Name="mux_dataflow_pwropt.dcp"/>
  <File Type="OPT-TIMING" Name="mux_dataflow_timing_summary_opted.rpt"/>
  <File Type="OPT-HWDEF" Name="mux_dataflow.hwdef"/>
  <File Type="OPT-METHODOLOGY-DRC" Name="mux_dataflow_methodology_drc_opted.rpt"/>
  <File Type="OPT-DRC" Name="mux_dataflow_drc_opted.rpt"/>
  <File Type="OPT-DCP" Name="mux_dataflow_opt.dcp"/>
  <File Type="INIT-TIMING" Name="mux_dataflow_timing_summary_init.rpt"/>
  <File Type="ROUTE-BUS-SKEW-RPX" Name="mux_dataflow_bus_skew_routed.rpx"/>
  <File Type="REPORTS-TCL" Name="mux_dataflow_reports.tcl"/>
  <File Type="ROUTE-BUS-SKEW-PB" Name="mux_dataflow_bus_skew_routed.pb"/>
  <File Type="PA-TCL" Name="mux_dataflow.tcl"/>
  <FileSet Name="sources" Type="DesignSrcs" RelSrcDir="$PSRCDIR/sources_1">
    <Filter Type="Srcs"/>
    <File Path="$PPRDIR/../2-1_mux_dataflow.v">
      <FileInfo>
        <Attr Name="UsedIn" Val="synthesis"/>
        <Attr Name="UsedIn" Val="implementation"/>
        <Attr Name="UsedIn" Val="simulation"/>
      </FileInfo>
    </File>
    <Config>
      <Option Name="DesignMode" Val="RTL"/>
      <Option Name="TopModule" Val="mux_dataflow"/>
      <Option Name="TopAutoSet" Val="TRUE"/>
    </Config>
  </FileSet>
  <FileSet Name="constrs_in" Type="Constrs" RelSrcDir="$PSRCDIR/constrs_1">
    <Filter Type="Constrs"/>
    <File Path="$PSRCDIR/constrs_1/new/constraints.xdc">
      <FileInfo>
        <Attr Name="UsedIn" Val="synthesis"/>
        <Attr Name="UsedIn" Val="implementation"/>
      </FileInfo>
    </File>
    <Config>
      <Option Name="TargetConstrsFile" Val="$PSRCDIR/constrs_1/new/constraints.xdc"/>
      <Option Name="ConstrsType" Val="XDC"/>
    </Config>
  </FileSet>
  <FileSet Name="utils" Type="Utils" RelSrcDir="$PSRCDIR/utils_1">
    <Filter Type="Utils"/>
    <Config>
      <Option Name="TopAutoSet" Val="TRUE"/>
    </Config>
  </FileSet>
  <Strategy Version="1" Minor="2">
    <StratHandle Name="Vivado Implementation Defaults" Flow="Vivado Implementation 2019">
      <Desc>Default settings for Implementation.</Desc>
    </StratHandle>
    <Step Id="init_design"/>
    <Step Id="opt_design"/>
    <Step Id="power_opt_design"/>
    <Step Id="place_design"/>
    <Step Id="post_place_power_opt_design"/>
    <Step Id="phys_opt_design"/>
    <Step Id="route_design"/>
    <Step Id="post_route_phys_opt_design"/>
    <Step Id="write_bitstream"/>
  </Strategy>
</GenRun>
