<?xml version="1.0" encoding="UTF-8"?>
<GenRun Id="impl_1" LaunchPart="xc7z020clg484-1" LaunchTime="1669765544">
  <File Type="ROUTE-PWR-SUM" Name="shiftReg_power_summary_routed.pb"/>
  <File Type="ROUTE-METHODOLOGY-DRC" Name="shiftReg_methodology_drc_routed.rpt"/>
  <File Type="ROUTE-DRC-RPX" Name="shiftReg_drc_routed.rpx"/>
  <File Type="ROUTE-BLACKBOX-DCP" Name="shiftReg_routed_bb.dcp"/>
  <File Type="ROUTE-METHODOLOGY-DRC-PB" Name="shiftReg_methodology_drc_routed.pb"/>
  <File Type="ROUTE-DCP" Name="shiftReg_routed.dcp"/>
  <File Type="ROUTE-METHODOLOGY-DRC-RPX" Name="shiftReg_methodology_drc_routed.rpx"/>
  <File Type="ROUTE-ERROR-DCP" Name="shiftReg_routed_error.dcp"/>
  <File Type="ROUTE-PWR" Name="shiftReg_power_routed.rpt"/>
  <File Type="PHYSOPT-DCP" Name="shiftReg_physopt.dcp"/>
  <File Type="ROUTE-DRC-PB" Name="shiftReg_drc_routed.pb"/>
  <File Type="POSTPLACE-PWROPT-DCP" Name="shiftReg_postplace_pwropt.dcp"/>
  <File Type="ROUTE-DRC" Name="shiftReg_drc_routed.rpt"/>
  <File Type="OPT-DRC" Name="shiftReg_drc_opted.rpt"/>
  <File Type="OPT-DCP" Name="shiftReg_opt.dcp"/>
  <File Type="PLACE-PRE-SIMILARITY" Name="shiftReg_incremental_reuse_pre_placed.rpt"/>
  <File Type="PLACE-CTRL" Name="shiftReg_control_sets_placed.rpt"/>
  <File Type="PA-TCL" Name="shiftReg.tcl"/>
  <File Type="ROUTE-BUS-SKEW-PB" Name="shiftReg_bus_skew_routed.pb"/>
  <File Type="REPORTS-TCL" Name="shiftReg_reports.tcl"/>
  <File Type="ROUTE-BUS-SKEW-RPX" Name="shiftReg_bus_skew_routed.rpx"/>
  <File Type="OPT-HWDEF" Name="shiftReg.hwdef"/>
  <File Type="PLACE-UTIL-PB" Name="shiftReg_utilization_placed.pb"/>
  <File Type="BG-BIT" Name="shiftReg.bit"/>
  <File Type="ROUTE-STATUS-PB" Name="shiftReg_route_status.pb"/>
  <File Type="BG-BIN" Name="shiftReg.bin"/>
  <File Type="ROUTE-TIMINGSUMMARY" Name="shiftReg_timing_summary_routed.rpt"/>
  <File Type="BITSTR-MSK" Name="shiftReg.msk"/>
  <File Type="ROUTE-TIMING-PB" Name="shiftReg_timing_summary_routed.pb"/>
  <File Type="BITSTR-RBT" Name="shiftReg.rbt"/>
  <File Type="ROUTE-TIMING-RPX" Name="shiftReg_timing_summary_routed.rpx"/>
  <File Type="BITSTR-NKY" Name="shiftReg.nky"/>
  <File Type="BITSTR-BMM" Name="shiftReg_bd.bmm"/>
  <File Type="ROUTE-CLK" Name="shiftReg_clock_utilization_routed.rpt"/>
  <File Type="BG-DRC" Name="shiftReg.drc"/>
  <File Type="BITSTR-MMI" Name="shiftReg.mmi"/>
  <File Type="ROUTE-BUS-SKEW" Name="shiftReg_bus_skew_routed.rpt"/>
  <File Type="WBT-USG" Name="usage_statistics_webtalk.html"/>
  <File Type="BG-BGN" Name="shiftReg.bgn"/>
  <File Type="BITSTR-SYSDEF" Name="shiftReg.sysdef"/>
  <File Type="PLACE-UTIL" Name="shiftReg_utilization_placed.rpt"/>
  <File Type="BITSTR-LTX" Name="shiftReg.ltx"/>
  <File Type="RDI-RDI" Name="shiftReg.vdi"/>
  <File Type="PLACE-IO" Name="shiftReg_io_placed.rpt"/>
  <File Type="POSTROUTE-PHYSOPT-BLACKBOX-DCP" Name="shiftReg_postroute_physopt_bb.dcp"/>
  <File Type="POSTROUTE-PHYSOPT-DCP" Name="shiftReg_postroute_physopt.dcp"/>
  <File Type="ROUTE-STATUS" Name="shiftReg_route_status.rpt"/>
  <File Type="ROUTE-PWR-RPX" Name="shiftReg_power_routed.rpx"/>
  <File Type="PLACE-DCP" Name="shiftReg_placed.dcp"/>
  <File Type="PWROPT-DCP" Name="shiftReg_pwropt.dcp"/>
  <FileSet Name="sources" Type="DesignSrcs" RelSrcDir="$PSRCDIR/sources_1">
    <Filter Type="Srcs"/>
    <File Path="$PPRDIR/../ShiftReg.v">
      <FileInfo>
        <Attr Name="UsedIn" Val="synthesis"/>
        <Attr Name="UsedIn" Val="implementation"/>
        <Attr Name="UsedIn" Val="simulation"/>
      </FileInfo>
    </File>
    <Config>
      <Option Name="DesignMode" Val="RTL"/>
      <Option Name="TopModule" Val="shiftReg"/>
      <Option Name="TopAutoSet" Val="TRUE"/>
    </Config>
  </FileSet>
  <FileSet Name="constrs_in" Type="Constrs" RelSrcDir="$PSRCDIR/constrs_1">
    <Filter Type="Constrs"/>
    <File Path="$PSRCDIR/constrs_1/new/constraints.xdc">
      <FileInfo>
        <Attr Name="UsedIn" Val="synthesis"/>
        <Attr Name="UsedIn" Val="implementation"/>
      </FileInfo>
    </File>
    <Config>
      <Option Name="TargetConstrsFile" Val="$PSRCDIR/constrs_1/new/constraints.xdc"/>
      <Option Name="ConstrsType" Val="XDC"/>
    </Config>
  </FileSet>
  <FileSet Name="utils" Type="Utils" RelSrcDir="$PSRCDIR/utils_1">
    <Filter Type="Utils"/>
    <Config>
      <Option Name="TopAutoSet" Val="TRUE"/>
    </Config>
  </FileSet>
  <Strategy Version="1" Minor="2">
    <StratHandle Name="Vivado Implementation Defaults" Flow="Vivado Implementation 2019"/>
    <Step Id="init_design"/>
    <Step Id="opt_design"/>
    <Step Id="power_opt_design"/>
    <Step Id="place_design"/>
    <Step Id="post_place_power_opt_design"/>
    <Step Id="phys_opt_design"/>
    <Step Id="route_design"/>
    <Step Id="post_route_phys_opt_design"/>
    <Step Id="write_bitstream"/>
  </Strategy>
</GenRun>
