<?xml version="1.0" encoding="UTF-8"?>
<GenRun Id="impl_1" LaunchPart="xc7z020clg484-1" LaunchTime="1669765158">
  <File Type="PA-TCL" Name="count8_dff.tcl"/>
  <File Type="ROUTE-BUS-SKEW-PB" Name="count8_dff_bus_skew_routed.pb"/>
  <File Type="REPORTS-TCL" Name="count8_dff_reports.tcl"/>
  <File Type="ROUTE-BUS-SKEW-RPX" Name="count8_dff_bus_skew_routed.rpx"/>
  <File Type="OPT-DCP" Name="count8_dff_opt.dcp"/>
  <File Type="OPT-DRC" Name="count8_dff_drc_opted.rpt"/>
  <File Type="OPT-HWDEF" Name="count8_dff.hwdef"/>
  <File Type="PWROPT-DCP" Name="count8_dff_pwropt.dcp"/>
  <File Type="PLACE-DCP" Name="count8_dff_placed.dcp"/>
  <File Type="PLACE-IO" Name="count8_dff_io_placed.rpt"/>
  <File Type="PLACE-UTIL" Name="count8_dff_utilization_placed.rpt"/>
  <File Type="PLACE-UTIL-PB" Name="count8_dff_utilization_placed.pb"/>
  <File Type="PLACE-CTRL" Name="count8_dff_control_sets_placed.rpt"/>
  <File Type="PLACE-PRE-SIMILARITY" Name="count8_dff_incremental_reuse_pre_placed.rpt"/>
  <File Type="POSTPLACE-PWROPT-DCP" Name="count8_dff_postplace_pwropt.dcp"/>
  <File Type="PHYSOPT-DCP" Name="count8_dff_physopt.dcp"/>
  <File Type="ROUTE-ERROR-DCP" Name="count8_dff_routed_error.dcp"/>
  <File Type="ROUTE-DCP" Name="count8_dff_routed.dcp"/>
  <File Type="ROUTE-BLACKBOX-DCP" Name="count8_dff_routed_bb.dcp"/>
  <File Type="ROUTE-DRC" Name="count8_dff_drc_routed.rpt"/>
  <File Type="ROUTE-DRC-PB" Name="count8_dff_drc_routed.pb"/>
  <File Type="BG-BIT" Name="count8_dff.bit"/>
  <File Type="ROUTE-STATUS-PB" Name="count8_dff_route_status.pb"/>
  <File Type="ROUTE-METHODOLOGY-DRC" Name="count8_dff_methodology_drc_routed.rpt"/>
  <File Type="BG-BIN" Name="count8_dff.bin"/>
  <File Type="ROUTE-TIMINGSUMMARY" Name="count8_dff_timing_summary_routed.rpt"/>
  <File Type="BITSTR-MSK" Name="count8_dff.msk"/>
  <File Type="ROUTE-TIMING-PB" Name="count8_dff_timing_summary_routed.pb"/>
  <File Type="BITSTR-RBT" Name="count8_dff.rbt"/>
  <File Type="ROUTE-TIMING-RPX" Name="count8_dff_timing_summary_routed.rpx"/>
  <File Type="BITSTR-NKY" Name="count8_dff.nky"/>
  <File Type="BITSTR-BMM" Name="count8_dff_bd.bmm"/>
  <File Type="ROUTE-CLK" Name="count8_dff_clock_utilization_routed.rpt"/>
  <File Type="BG-DRC" Name="count8_dff.drc"/>
  <File Type="ROUTE-METHODOLOGY-DRC-RPX" Name="count8_dff_methodology_drc_routed.rpx"/>
  <File Type="BITSTR-MMI" Name="count8_dff.mmi"/>
  <File Type="ROUTE-BUS-SKEW" Name="count8_dff_bus_skew_routed.rpt"/>
  <File Type="WBT-USG" Name="usage_statistics_webtalk.html"/>
  <File Type="BG-BGN" Name="count8_dff.bgn"/>
  <File Type="BITSTR-SYSDEF" Name="count8_dff.sysdef"/>
  <File Type="BITSTR-LTX" Name="count8_dff.ltx"/>
  <File Type="RDI-RDI" Name="count8_dff.vdi"/>
  <File Type="POSTROUTE-PHYSOPT-BLACKBOX-DCP" Name="count8_dff_postroute_physopt_bb.dcp"/>
  <File Type="POSTROUTE-PHYSOPT-DCP" Name="count8_dff_postroute_physopt.dcp"/>
  <File Type="ROUTE-STATUS" Name="count8_dff_route_status.rpt"/>
  <File Type="ROUTE-PWR-RPX" Name="count8_dff_power_routed.rpx"/>
  <File Type="ROUTE-PWR-SUM" Name="count8_dff_power_summary_routed.pb"/>
  <File Type="ROUTE-PWR" Name="count8_dff_power_routed.rpt"/>
  <File Type="ROUTE-METHODOLOGY-DRC-PB" Name="count8_dff_methodology_drc_routed.pb"/>
  <File Type="ROUTE-DRC-RPX" Name="count8_dff_drc_routed.rpx"/>
  <FileSet Name="sources" Type="DesignSrcs" RelSrcDir="$PSRCDIR/sources_1">
    <Filter Type="Srcs"/>
    <File Path="$PPRDIR/../Dff.v">
      <FileInfo>
        <Attr Name="UsedIn" Val="synthesis"/>
        <Attr Name="UsedIn" Val="implementation"/>
        <Attr Name="UsedIn" Val="simulation"/>
      </FileInfo>
    </File>
    <File Path="$PPRDIR/../Count8_Dff.v">
      <FileInfo>
        <Attr Name="UsedIn" Val="synthesis"/>
        <Attr Name="UsedIn" Val="implementation"/>
        <Attr Name="UsedIn" Val="simulation"/>
      </FileInfo>
    </File>
    <Config>
      <Option Name="DesignMode" Val="RTL"/>
      <Option Name="TopModule" Val="count8_dff"/>
      <Option Name="TopAutoSet" Val="TRUE"/>
    </Config>
  </FileSet>
  <FileSet Name="constrs_in" Type="Constrs" RelSrcDir="$PSRCDIR/constrs_1">
    <Filter Type="Constrs"/>
    <File Path="$PSRCDIR/constrs_1/new/constraints.xdc">
      <FileInfo>
        <Attr Name="UsedIn" Val="synthesis"/>
        <Attr Name="UsedIn" Val="implementation"/>
      </FileInfo>
    </File>
    <Config>
      <Option Name="TargetConstrsFile" Val="$PSRCDIR/constrs_1/new/constraints.xdc"/>
      <Option Name="ConstrsType" Val="XDC"/>
    </Config>
  </FileSet>
  <FileSet Name="utils" Type="Utils" RelSrcDir="$PSRCDIR/utils_1">
    <Filter Type="Utils"/>
    <Config>
      <Option Name="TopAutoSet" Val="TRUE"/>
    </Config>
  </FileSet>
  <Strategy Version="1" Minor="2">
    <StratHandle Name="Vivado Implementation Defaults" Flow="Vivado Implementation 2019"/>
    <Step Id="init_design"/>
    <Step Id="opt_design"/>
    <Step Id="power_opt_design"/>
    <Step Id="place_design"/>
    <Step Id="post_place_power_opt_design"/>
    <Step Id="phys_opt_design"/>
    <Step Id="route_design"/>
    <Step Id="post_route_phys_opt_design"/>
    <Step Id="write_bitstream"/>
  </Strategy>
</GenRun>
