<?xml version="1.0" encoding="UTF-8"?>
<GenRun Id="impl_1" LaunchPart="xc7z020clg484-1" LaunchTime="1669673385">
  <File Type="PA-TCL" Name="mult3.tcl"/>
  <File Type="ROUTE-BUS-SKEW-PB" Name="mult3_bus_skew_routed.pb"/>
  <File Type="REPORTS-TCL" Name="mult3_reports.tcl"/>
  <File Type="ROUTE-BUS-SKEW-RPX" Name="mult3_bus_skew_routed.rpx"/>
  <File Type="OPT-DCP" Name="mult3_opt.dcp"/>
  <File Type="OPT-DRC" Name="mult3_drc_opted.rpt"/>
  <File Type="OPT-HWDEF" Name="mult3.hwdef"/>
  <File Type="PWROPT-DCP" Name="mult3_pwropt.dcp"/>
  <File Type="PLACE-DCP" Name="mult3_placed.dcp"/>
  <File Type="PLACE-IO" Name="mult3_io_placed.rpt"/>
  <File Type="PLACE-UTIL" Name="mult3_utilization_placed.rpt"/>
  <File Type="PLACE-UTIL-PB" Name="mult3_utilization_placed.pb"/>
  <File Type="PLACE-CTRL" Name="mult3_control_sets_placed.rpt"/>
  <File Type="PLACE-PRE-SIMILARITY" Name="mult3_incremental_reuse_pre_placed.rpt"/>
  <File Type="POSTPLACE-PWROPT-DCP" Name="mult3_postplace_pwropt.dcp"/>
  <File Type="PHYSOPT-DCP" Name="mult3_physopt.dcp"/>
  <File Type="ROUTE-ERROR-DCP" Name="mult3_routed_error.dcp"/>
  <File Type="ROUTE-DCP" Name="mult3_routed.dcp"/>
  <File Type="ROUTE-BLACKBOX-DCP" Name="mult3_routed_bb.dcp"/>
  <File Type="ROUTE-DRC" Name="mult3_drc_routed.rpt"/>
  <File Type="ROUTE-DRC-PB" Name="mult3_drc_routed.pb"/>
  <File Type="BG-BIT" Name="mult3.bit"/>
  <File Type="ROUTE-STATUS-PB" Name="mult3_route_status.pb"/>
  <File Type="ROUTE-METHODOLOGY-DRC" Name="mult3_methodology_drc_routed.rpt"/>
  <File Type="BG-BIN" Name="mult3.bin"/>
  <File Type="ROUTE-TIMINGSUMMARY" Name="mult3_timing_summary_routed.rpt"/>
  <File Type="BITSTR-MSK" Name="mult3.msk"/>
  <File Type="ROUTE-TIMING-PB" Name="mult3_timing_summary_routed.pb"/>
  <File Type="BITSTR-RBT" Name="mult3.rbt"/>
  <File Type="ROUTE-TIMING-RPX" Name="mult3_timing_summary_routed.rpx"/>
  <File Type="BITSTR-NKY" Name="mult3.nky"/>
  <File Type="BITSTR-BMM" Name="mult3_bd.bmm"/>
  <File Type="ROUTE-CLK" Name="mult3_clock_utilization_routed.rpt"/>
  <File Type="BG-DRC" Name="mult3.drc"/>
  <File Type="ROUTE-METHODOLOGY-DRC-RPX" Name="mult3_methodology_drc_routed.rpx"/>
  <File Type="BITSTR-MMI" Name="mult3.mmi"/>
  <File Type="ROUTE-BUS-SKEW" Name="mult3_bus_skew_routed.rpt"/>
  <File Type="WBT-USG" Name="usage_statistics_webtalk.html"/>
  <File Type="BG-BGN" Name="mult3.bgn"/>
  <File Type="BITSTR-SYSDEF" Name="mult3.sysdef"/>
  <File Type="BITSTR-LTX" Name="mult3.ltx"/>
  <File Type="RDI-RDI" Name="mult3.vdi"/>
  <File Type="POSTROUTE-PHYSOPT-BLACKBOX-DCP" Name="mult3_postroute_physopt_bb.dcp"/>
  <File Type="POSTROUTE-PHYSOPT-DCP" Name="mult3_postroute_physopt.dcp"/>
  <File Type="ROUTE-STATUS" Name="mult3_route_status.rpt"/>
  <File Type="ROUTE-PWR-RPX" Name="mult3_power_routed.rpx"/>
  <File Type="ROUTE-PWR-SUM" Name="mult3_power_summary_routed.pb"/>
  <File Type="ROUTE-PWR" Name="mult3_power_routed.rpt"/>
  <File Type="ROUTE-METHODOLOGY-DRC-PB" Name="mult3_methodology_drc_routed.pb"/>
  <File Type="ROUTE-DRC-RPX" Name="mult3_drc_routed.rpx"/>
  <FileSet Name="sources" Type="DesignSrcs" RelSrcDir="$PSRCDIR/sources_1">
    <Filter Type="Srcs"/>
    <File Path="$PPRDIR/../3bitmult.v">
      <FileInfo>
        <Attr Name="UsedIn" Val="synthesis"/>
        <Attr Name="UsedIn" Val="implementation"/>
        <Attr Name="UsedIn" Val="simulation"/>
      </FileInfo>
    </File>
    <Config>
      <Option Name="DesignMode" Val="RTL"/>
      <Option Name="TopModule" Val="mult3"/>
      <Option Name="TopAutoSet" Val="TRUE"/>
    </Config>
  </FileSet>
  <FileSet Name="constrs_in" Type="Constrs" RelSrcDir="$PSRCDIR/constrs_1">
    <Filter Type="Constrs"/>
    <File Path="$PSRCDIR/constrs_1/new/constraints.xdc">
      <FileInfo>
        <Attr Name="UsedIn" Val="synthesis"/>
        <Attr Name="UsedIn" Val="implementation"/>
      </FileInfo>
    </File>
    <Config>
      <Option Name="TargetConstrsFile" Val="$PSRCDIR/constrs_1/new/constraints.xdc"/>
      <Option Name="ConstrsType" Val="XDC"/>
    </Config>
  </FileSet>
  <FileSet Name="utils" Type="Utils" RelSrcDir="$PSRCDIR/utils_1">
    <Filter Type="Utils"/>
    <Config>
      <Option Name="TopAutoSet" Val="TRUE"/>
    </Config>
  </FileSet>
  <Strategy Version="1" Minor="2">
    <StratHandle Name="Vivado Implementation Defaults" Flow="Vivado Implementation 2019"/>
    <Step Id="init_design"/>
    <Step Id="opt_design"/>
    <Step Id="power_opt_design"/>
    <Step Id="place_design"/>
    <Step Id="post_place_power_opt_design"/>
    <Step Id="phys_opt_design"/>
    <Step Id="route_design"/>
    <Step Id="post_route_phys_opt_design"/>
    <Step Id="write_bitstream"/>
  </Strategy>
</GenRun>
