<?xml version="1.0" encoding="UTF-8"?>
<GenRun Id="impl_1" LaunchPart="xc7z020clg484-1" LaunchTime="1669764355">
  <File Type="PA-TCL" Name="count.tcl"/>
  <File Type="ROUTE-BUS-SKEW-PB" Name="count_bus_skew_routed.pb"/>
  <File Type="REPORTS-TCL" Name="count_reports.tcl"/>
  <File Type="ROUTE-BUS-SKEW-RPX" Name="count_bus_skew_routed.rpx"/>
  <File Type="OPT-DCP" Name="count_opt.dcp"/>
  <File Type="OPT-DRC" Name="count_drc_opted.rpt"/>
  <File Type="OPT-HWDEF" Name="count.hwdef"/>
  <File Type="PWROPT-DCP" Name="count_pwropt.dcp"/>
  <File Type="PLACE-DCP" Name="count_placed.dcp"/>
  <File Type="PLACE-IO" Name="count_io_placed.rpt"/>
  <File Type="PLACE-UTIL" Name="count_utilization_placed.rpt"/>
  <File Type="PLACE-UTIL-PB" Name="count_utilization_placed.pb"/>
  <File Type="PLACE-CTRL" Name="count_control_sets_placed.rpt"/>
  <File Type="PLACE-PRE-SIMILARITY" Name="count_incremental_reuse_pre_placed.rpt"/>
  <File Type="POSTPLACE-PWROPT-DCP" Name="count_postplace_pwropt.dcp"/>
  <File Type="PHYSOPT-DCP" Name="count_physopt.dcp"/>
  <File Type="ROUTE-ERROR-DCP" Name="count_routed_error.dcp"/>
  <File Type="ROUTE-DCP" Name="count_routed.dcp"/>
  <File Type="ROUTE-BLACKBOX-DCP" Name="count_routed_bb.dcp"/>
  <File Type="ROUTE-DRC" Name="count_drc_routed.rpt"/>
  <File Type="ROUTE-DRC-PB" Name="count_drc_routed.pb"/>
  <File Type="BG-BIT" Name="count.bit"/>
  <File Type="ROUTE-STATUS-PB" Name="count_route_status.pb"/>
  <File Type="ROUTE-METHODOLOGY-DRC" Name="count_methodology_drc_routed.rpt"/>
  <File Type="BG-BIN" Name="count.bin"/>
  <File Type="ROUTE-TIMINGSUMMARY" Name="count_timing_summary_routed.rpt"/>
  <File Type="BITSTR-MSK" Name="count.msk"/>
  <File Type="ROUTE-TIMING-PB" Name="count_timing_summary_routed.pb"/>
  <File Type="BITSTR-RBT" Name="count.rbt"/>
  <File Type="ROUTE-TIMING-RPX" Name="count_timing_summary_routed.rpx"/>
  <File Type="BITSTR-NKY" Name="count.nky"/>
  <File Type="BITSTR-BMM" Name="count_bd.bmm"/>
  <File Type="ROUTE-CLK" Name="count_clock_utilization_routed.rpt"/>
  <File Type="BG-DRC" Name="count.drc"/>
  <File Type="ROUTE-METHODOLOGY-DRC-RPX" Name="count_methodology_drc_routed.rpx"/>
  <File Type="BITSTR-MMI" Name="count.mmi"/>
  <File Type="ROUTE-BUS-SKEW" Name="count_bus_skew_routed.rpt"/>
  <File Type="WBT-USG" Name="usage_statistics_webtalk.html"/>
  <File Type="BG-BGN" Name="count.bgn"/>
  <File Type="BITSTR-SYSDEF" Name="count.sysdef"/>
  <File Type="BITSTR-LTX" Name="count.ltx"/>
  <File Type="RDI-RDI" Name="count.vdi"/>
  <File Type="POSTROUTE-PHYSOPT-BLACKBOX-DCP" Name="count_postroute_physopt_bb.dcp"/>
  <File Type="POSTROUTE-PHYSOPT-DCP" Name="count_postroute_physopt.dcp"/>
  <File Type="ROUTE-STATUS" Name="count_route_status.rpt"/>
  <File Type="ROUTE-PWR-RPX" Name="count_power_routed.rpx"/>
  <File Type="ROUTE-PWR-SUM" Name="count_power_summary_routed.pb"/>
  <File Type="ROUTE-PWR" Name="count_power_routed.rpt"/>
  <File Type="ROUTE-METHODOLOGY-DRC-PB" Name="count_methodology_drc_routed.pb"/>
  <File Type="ROUTE-DRC-RPX" Name="count_drc_routed.rpx"/>
  <FileSet Name="sources" Type="DesignSrcs" RelSrcDir="$PSRCDIR/sources_1">
    <Filter Type="Srcs"/>
    <File Path="$PPRDIR/../StateCounter.v">
      <FileInfo>
        <Attr Name="UsedIn" Val="synthesis"/>
        <Attr Name="UsedIn" Val="implementation"/>
        <Attr Name="UsedIn" Val="simulation"/>
      </FileInfo>
    </File>
    <Config>
      <Option Name="DesignMode" Val="RTL"/>
      <Option Name="TopModule" Val="count"/>
      <Option Name="TopAutoSet" Val="TRUE"/>
    </Config>
  </FileSet>
  <FileSet Name="constrs_in" Type="Constrs" RelSrcDir="$PSRCDIR/constrs_1">
    <Filter Type="Constrs"/>
    <File Path="$PSRCDIR/constrs_1/new/constraints.xdc">
      <FileInfo>
        <Attr Name="UsedIn" Val="synthesis"/>
        <Attr Name="UsedIn" Val="implementation"/>
      </FileInfo>
    </File>
    <Config>
      <Option Name="TargetConstrsFile" Val="$PSRCDIR/constrs_1/new/constraints.xdc"/>
      <Option Name="ConstrsType" Val="XDC"/>
    </Config>
  </FileSet>
  <FileSet Name="utils" Type="Utils" RelSrcDir="$PSRCDIR/utils_1">
    <Filter Type="Utils"/>
    <Config>
      <Option Name="TopAutoSet" Val="TRUE"/>
    </Config>
  </FileSet>
  <Strategy Version="1" Minor="2">
    <StratHandle Name="Vivado Implementation Defaults" Flow="Vivado Implementation 2019"/>
    <Step Id="init_design"/>
    <Step Id="opt_design"/>
    <Step Id="power_opt_design"/>
    <Step Id="place_design"/>
    <Step Id="post_place_power_opt_design"/>
    <Step Id="phys_opt_design"/>
    <Step Id="route_design"/>
    <Step Id="post_route_phys_opt_design"/>
    <Step Id="write_bitstream"/>
  </Strategy>
</GenRun>
